,alt_length,alt_sequence,alt_type,caller,hash,max_memory,n_caller_alterations,origin,ref_sequence,sample,sample_fragment,sample_key,start,total_run_time
0,1.0,G,D,varscan,-5.12627750506e+18,288772096.0,1,varscan,GC,C_158_1,C,158_1,1099.0,2.79
1,1.0,T,D,varscan,-2.60547869568e+18,160243712.0,1,varscan,TC,C_169_1,C,169_1,1147.0,0.92
2,1.0,G,D,varscan,-5.12627750506e+18,109543424.0,2,varscan,GC,C_169_2,C,169_2,1099.0,0.98
3,1.0,T,D,varscan,7.3458447472e+18,109543424.0,2,varscan,TG,C_169_2,C,169_2,1201.0,0.98
4,1.0,G,D,varscan,-5.12627750506e+18,298332160.0,1,varscan,GC,C_183_1,C,183_1,1099.0,3.05
5,1.0,G,D,varscan,-5.12627750506e+18,302866432.0,1,varscan,GC,C_183_2,C,183_2,1099.0,3.33
6,1.0,G,D,varscan,-5.12627750506e+18,295972864.0,2,varscan,GC,C_192_1,C,192_1,1099.0,2.73
7,1.0,T,D,varscan,7.3458447472e+18,295972864.0,2,varscan,TG,C_192_1,C,192_1,1201.0,2.73
8,1.0,G,D,varscan,-5.12627750506e+18,297824256.0,2,varscan,GC,C_192_2,C,192_2,1099.0,3.24
9,1.0,T,D,varscan,-2.60547869568e+18,297824256.0,2,varscan,TC,C_192_2,C,192_2,1147.0,3.24
10,1.0,G,D,varscan,-5.12627750506e+18,296628224.0,3,varscan,GC,C_193_1,C,193_1,1099.0,2.98
11,1.0,TC,I,varscan,4.04425558673e+17,296628224.0,3,varscan,T,C_193_1,C,193_1,1147.0,2.98
12,1.0,T,D,varscan,7.3458447472e+18,296628224.0,3,varscan,TG,C_193_1,C,193_1,1201.0,2.98
13,1.0,T,D,varscan,7.34620794052e+18,293568512.0,6,varscan,TG,C_207_1,C,207_1,930.0,2.78
14,1.0,T,D,varscan,7.34567957189e+18,293568512.0,6,varscan,TG,C_207_1,C,207_1,996.0,2.78
15,1.0,G,D,varscan,-5.12627750506e+18,293568512.0,6,varscan,GC,C_207_1,C,207_1,1099.0,2.78
16,1.0,G,D,varscan,-5.12639520224e+18,293568512.0,6,varscan,GC,C_207_1,C,207_1,1126.0,2.78
17,1.0,T,D,varscan,-2.60547869568e+18,293568512.0,6,varscan,TC,C_207_1,C,207_1,1147.0,2.78
18,1.0,T,D,varscan,7.3458447472e+18,293568512.0,6,varscan,TG,C_207_1,C,207_1,1201.0,2.78
19,0.0,G,X,varscan,-8.71572005085e+17,293978112.0,2,varscan,A,C_207_2,C,207_2,841.0,3.25
20,1.0,G,D,varscan,-5.12627750506e+18,293978112.0,2,varscan,GC,C_207_2,C,207_2,1099.0,3.25
21,1.0,T,D,varscan,-2.60513467127e+18,141586432.0,3,varscan,TC,C_215_1,C,215_1,923.0,1.19
22,1.0,G,D,varscan,-5.12627750506e+18,141586432.0,3,varscan,GC,C_215_1,C,215_1,1099.0,1.19
23,1.0,G,D,varscan,-5.12639520224e+18,141586432.0,3,varscan,GC,C_215_1,C,215_1,1126.0,1.19
24,1.0,T,D,varscan,-2.60513467127e+18,145801216.0,3,varscan,TC,C_215_2,C,215_2,923.0,1.2
25,1.0,G,D,varscan,-5.12627750506e+18,145801216.0,3,varscan,GC,C_215_2,C,215_2,1099.0,1.2
26,1.0,T,D,varscan,-2.60547869568e+18,145801216.0,3,varscan,TC,C_215_2,C,215_2,1147.0,1.2
27,1.0,TG,I,varscan,-4.29432812485e+18,113811456.0,2,varscan,T,C_221_1,C,221_1,860.0,0.92
28,0.0,G,X,varscan,-8.71554805538e+17,113811456.0,2,varscan,A,C_221_1,C,221_1,861.0,0.92
29,1.0,TG,I,varscan,-4.29432812485e+18,292618240.0,3,varscan,T,C_221_2,C,221_2,860.0,2.36
30,0.0,G,X,varscan,-8.71554805538e+17,292618240.0,3,varscan,A,C_221_2,C,221_2,861.0,2.36
31,1.0,G,D,varscan,-5.12627750506e+18,292618240.0,3,varscan,GC,C_221_2,C,221_2,1099.0,2.36
32,0.0,T,X,varscan,-2.63524320076e+18,305709056.0,2,varscan,C,C_256_1,C,256_1,867.0,3.21
33,1.0,T,D,varscan,7.3458447472e+18,305709056.0,2,varscan,TG,C_256_1,C,256_1,1201.0,3.21
34,1.0,C,D,varscan,-1.45014823081e+18,297902080.0,2,varscan,CT,C_267_1,C,267_1,834.0,3.0
35,1.0,A,D,varscan,7.3828697298e+18,297902080.0,2,varscan,AG,C_267_1,C,267_1,1078.0,3.0
36,5.0,AGATCT,I,varscan,7.12729236877e+18,298622976.0,7,varscan,A,C_269_1,C,269_1,873.0,2.86
37,1.0,A,D,varscan,7.3828697298e+18,298622976.0,7,varscan,AG,C_269_1,C,269_1,1078.0,2.86
38,1.0,G,D,varscan,-5.12627750506e+18,298622976.0,7,varscan,GC,C_269_1,C,269_1,1099.0,2.86
39,1.0,G,D,varscan,-5.12639520224e+18,298622976.0,7,varscan,GC,C_269_1,C,269_1,1126.0,2.86
40,1.0,T,D,varscan,-2.60547869568e+18,298622976.0,7,varscan,TC,C_269_1,C,269_1,1147.0,2.86
41,1.0,A,D,varscan,-1.10903101465e+18,298622976.0,7,varscan,AC,C_269_1,C,269_1,1187.0,2.86
42,1.0,T,D,varscan,7.3458447472e+18,298622976.0,7,varscan,TG,C_269_1,C,269_1,1201.0,2.86
43,5.0,AGATCT,I,varscan,7.12729236877e+18,289734656.0,2,varscan,A,C_269_2,C,269_2,873.0,2.98
44,1.0,G,D,varscan,-5.12627750506e+18,289734656.0,2,varscan,GC,C_269_2,C,269_2,1099.0,2.98
45,5.0,AAGTCT,I,varscan,-1.83650754587e+18,305598464.0,2,varscan,A,C_272_1,C,272_1,873.0,3.16
46,1.0,GC,I,varscan,1.82301764877e+18,305598464.0,2,varscan,G,C_272_1,C,272_1,1099.0,3.16
47,5.0,AAGTCT,I,varscan,-1.83650754587e+18,82096128.0,2,varscan,A,C_272_2,C,272_2,873.0,0.74
48,1.0,G,D,varscan,-5.12627750506e+18,82096128.0,2,varscan,GC,C_272_2,C,272_2,1099.0,0.74
49,1.0,A,D,varscan,7.3828697298e+18,300408832.0,2,varscan,AG,C_276_1,C,276_1,1078.0,2.92
50,1.0,G,D,varscan,-5.12627750506e+18,300408832.0,2,varscan,GC,C_276_1,C,276_1,1099.0,2.92
51,0.0,C,X,varscan,-3.49644578778e+17,294797312.0,4,varscan,T,C_279_1,C,279_1,1025.0,2.72
52,1.0,A,D,varscan,7.3828697298e+18,294797312.0,4,varscan,AG,C_279_1,C,279_1,1078.0,2.72
53,1.0,G,D,varscan,-5.12627750506e+18,294797312.0,4,varscan,GC,C_279_1,C,279_1,1099.0,2.72
54,1.0,T,D,varscan,7.3458447472e+18,294797312.0,4,varscan,TG,C_279_1,C,279_1,1201.0,2.72
55,0.0,C,X,varscan,-3.49644578778e+17,295968768.0,5,varscan,T,C_279_2,C,279_2,1025.0,2.6
56,1.0,G,D,varscan,-5.12627750506e+18,295968768.0,5,varscan,GC,C_279_2,C,279_2,1099.0,2.6
57,1.0,G,D,varscan,-5.12639520224e+18,295968768.0,5,varscan,GC,C_279_2,C,279_2,1126.0,2.6
58,1.0,T,D,varscan,-2.60547869568e+18,295968768.0,5,varscan,TC,C_279_2,C,279_2,1147.0,2.6
59,1.0,T,D,varscan,7.3458447472e+18,295968768.0,5,varscan,TG,C_279_2,C,279_2,1201.0,2.6
60,1.0,G,D,varscan,-5.12627750506e+18,292954112.0,1,varscan,GC,C_284_1,C,284_1,1099.0,3.15
61,1.0,G,D,varscan,-5.12627750506e+18,306737152.0,1,varscan,GC,C_285_1,C,285_1,1099.0,3.48
62,1.0,G,D,varscan,-5.12627750506e+18,115773440.0,1,varscan,GC,C_288_1,C,288_1,1099.0,1.02
63,1.0,T,D,varscan,7.34567957189e+18,296087552.0,4,varscan,TG,C_290_1,C,290_1,996.0,3.51
64,1.0,T,D,varscan,7.34569109399e+18,296087552.0,4,varscan,TG,C_290_1,C,290_1,1036.0,3.51
65,1.0,GC,I,varscan,1.82301764877e+18,296087552.0,4,varscan,G,C_290_1,C,290_1,1099.0,3.51
66,1.0,T,D,varscan,7.3458447472e+18,296087552.0,4,varscan,TG,C_290_1,C,290_1,1201.0,3.51
67,1.0,A,D,varscan,7.3828697298e+18,296497152.0,3,varscan,AG,C_290_2,C,290_2,1078.0,3.16
68,1.0,G,D,varscan,-5.12627750506e+18,296497152.0,3,varscan,GC,C_290_2,C,290_2,1099.0,3.16
69,1.0,T,D,varscan,-2.60547869568e+18,296497152.0,3,varscan,TC,C_290_2,C,290_2,1147.0,3.16
70,1.0,G,D,varscan,-5.12627750506e+18,290045952.0,2,varscan,GC,C_306_1,C,306_1,1099.0,3.28
71,1.0,T,D,varscan,-2.60547869568e+18,290045952.0,2,varscan,TC,C_306_1,C,306_1,1147.0,3.28
72,1.0,G,D,varscan,-5.12627750506e+18,287457280.0,1,varscan,GC,C_312_1,C,312_1,1099.0,3.1
73,1.0,A,D,varscan,7.3828697298e+18,297684992.0,1,varscan,AG,C_316_1,C,316_1,1078.0,3.4
74,,,,varscan,,268652544.0,0,,,C_316_2,C,316_2,,2.65
75,0.0,T,X,varscan,-2.63576193421e+18,113352704.0,3,varscan,C,C_318_1,C,318_1,1046.0,0.99
76,1.0,G,D,varscan,-5.12627750506e+18,113352704.0,3,varscan,GC,C_318_1,C,318_1,1099.0,0.99
77,1.0,T,D,varscan,-2.60547869568e+18,113352704.0,3,varscan,TC,C_318_1,C,318_1,1147.0,0.99
78,0.0,T,X,varscan,-2.63576193421e+18,293761024.0,2,varscan,C,C_318_2,C,318_2,1046.0,2.99
79,1.0,G,D,varscan,-5.12627750506e+18,293761024.0,2,varscan,GC,C_318_2,C,318_2,1099.0,2.99
80,1.0,A,D,varscan,7.3828697298e+18,295706624.0,2,varscan,AG,C_319_1,C,319_1,1078.0,2.55
81,1.0,T,D,varscan,-2.60547869568e+18,295706624.0,2,varscan,TC,C_319_1,C,319_1,1147.0,2.55
82,1.0,A,D,varscan,7.3828697298e+18,294580224.0,2,varscan,AG,C_320_1,C,320_1,1078.0,3.2
83,1.0,T,D,varscan,7.3458447472e+18,294580224.0,2,varscan,TG,C_320_1,C,320_1,1201.0,3.2
84,1.0,G,D,varscan,-5.12627750506e+18,286711808.0,1,varscan,GC,C_320_2,C,320_2,1099.0,2.84
85,1.0,A,D,varscan,7.3828697298e+18,299704320.0,3,varscan,AG,C_322_1,C,322_1,1078.0,2.71
86,1.0,G,D,varscan,-5.12627750506e+18,299704320.0,3,varscan,GC,C_322_1,C,322_1,1099.0,2.71
87,1.0,T,D,varscan,7.3458447472e+18,299704320.0,3,varscan,TG,C_322_1,C,322_1,1201.0,2.71
88,1.0,G,D,varscan,-5.12627750506e+18,295763968.0,1,varscan,GC,C_323_1,C,323_1,1099.0,3.39
89,1.0,A,D,varscan,7.3828697298e+18,209608704.0,2,varscan,AG,C_326_1,C,326_1,1078.0,2.51
90,1.0,G,D,varscan,-5.12627750506e+18,209608704.0,2,varscan,GC,C_326_1,C,326_1,1099.0,2.51
91,1.0,G,D,varscan,-5.12627750506e+18,298143744.0,1,varscan,GC,C_326_2,C,326_2,1099.0,2.93
92,1.0,A,D,varscan,7.3828697298e+18,117923840.0,2,varscan,AG,C_340_1,C,340_1,1078.0,1.13
93,1.0,G,D,varscan,-5.12627750506e+18,117923840.0,2,varscan,GC,C_340_1,C,340_1,1099.0,1.13
94,1.0,T,D,varscan,7.34567957189e+18,289402880.0,3,varscan,TG,C_340_2,C,340_2,996.0,3.31
95,1.0,A,D,varscan,7.3828697298e+18,289402880.0,3,varscan,AG,C_340_2,C,340_2,1078.0,3.31
96,1.0,T,D,varscan,-2.60547869568e+18,289402880.0,3,varscan,TC,C_340_2,C,340_2,1147.0,3.31
97,0.0,A,X,varscan,-3.43035536283e+18,291602432.0,2,varscan,G,C_341_1,C,341_1,1020.0,2.9
98,1.0,G,D,varscan,-5.12627750506e+18,291602432.0,2,varscan,GC,C_341_1,C,341_1,1099.0,2.9
99,0.0,A,X,varscan,-3.43035536283e+18,300572672.0,2,varscan,G,C_341_2,C,341_2,1020.0,3.41
100,1.0,G,D,varscan,-5.12627750506e+18,300572672.0,2,varscan,GC,C_341_2,C,341_2,1099.0,3.41
101,,,,varscan,,320987136.0,0,,,C_83_1,C,83_1,,2.64
102,1.0,C,D,varscan,-1.45014823081e+18,109260800.0,4,varscan,CT,C_83_2,C,83_2,834.0,0.89
103,1.0,T,D,varscan,7.34567957189e+18,109260800.0,4,varscan,TG,C_83_2,C,83_2,996.0,0.89
104,1.0,A,D,varscan,7.3828697298e+18,109260800.0,4,varscan,AG,C_83_2,C,83_2,1078.0,0.89
105,1.0,G,D,varscan,-5.12639520224e+18,109260800.0,4,varscan,GC,C_83_2,C,83_2,1126.0,0.89
106,1.0,T,D,varscan,-2.60435936488e+18,302977024.0,4,varscan,TC,N_158_1,N,158_1,412.0,2.34
107,0.0,G,X,varscan,4.57476242891e+18,302977024.0,4,varscan,C,N_158_1,N,158_1,417.0,2.34
108,1.0,G,D,varscan,6.05892402671e+17,302977024.0,4,varscan,GA,N_158_1,N,158_1,502.0,2.34
109,1.0,G,D,varscan,-5.12566813981e+18,302977024.0,4,varscan,GC,N_158_1,N,158_1,729.0,2.34
110,1.0,T,D,varscan,-2.60435936488e+18,300359680.0,8,varscan,TC,N_169_1,N,169_1,412.0,3.21
111,1.0,G,D,varscan,-5.12607611363e+18,300359680.0,8,varscan,GC,N_169_1,N,169_1,422.0,3.21
112,1.0,T,D,varscan,-2.60470008776e+18,300359680.0,8,varscan,TC,N_169_1,N,169_1,581.0,3.21
113,1.0,A,D,varscan,-1.10816387055e+18,300359680.0,8,varscan,AC,N_169_1,N,169_1,652.0,3.21
114,1.0,TG,I,varscan,-4.29484057927e+18,300359680.0,8,varscan,T,N_169_1,N,169_1,689.0,3.21
115,0.0,G,X,varscan,-8.7188228552e+17,300359680.0,8,varscan,A,N_169_1,N,169_1,690.0,3.21
116,1.0,G,D,varscan,-5.12566813981e+18,300359680.0,8,varscan,GC,N_169_1,N,169_1,729.0,3.21
117,1.0,G,D,varscan,-5.12647853318e+18,300359680.0,8,varscan,GC,N_169_1,N,169_1,767.0,3.21
118,1.0,T,D,varscan,-2.60435936488e+18,303669248.0,8,varscan,TC,N_169_2,N,169_2,412.0,2.85
119,0.0,G,X,varscan,4.57476242891e+18,303669248.0,8,varscan,C,N_169_2,N,169_2,417.0,2.85
120,1.0,G,D,varscan,-5.12607611363e+18,303669248.0,8,varscan,GC,N_169_2,N,169_2,422.0,2.85
121,1.0,G,D,varscan,-5.12604882494e+18,303669248.0,8,varscan,GC,N_169_2,N,169_2,464.0,2.85
122,1.0,G,D,varscan,6.05892402671e+17,303669248.0,8,varscan,GA,N_169_2,N,169_2,502.0,2.85
123,1.0,AC,I,varscan,-6.01107377494e+18,303669248.0,8,varscan,A,N_169_2,N,169_2,652.0,2.85
124,0.0,G,X,varscan,-8.7188228552e+17,303669248.0,8,varscan,A,N_169_2,N,169_2,690.0,2.85
125,1.0,G,D,varscan,-5.12566813981e+18,303669248.0,8,varscan,GC,N_169_2,N,169_2,729.0,2.85
126,200.0,G,D,varscan,-6.60701837111e+16,317358080.0,5,varscan,GGTCCAGATGAAGCTCCCAGAATGCCAGAGGCTGCTCCCCCCGTGGCCCCTGCACCAGCAGCTCCTACACCGGCGGCCCCTGCACCAGCCCCCTCCTGGCCCCTGTCATCTTCTGTCCCTTCCCAGAAAACCTACCAGGGCAGCTACGGTTTCCGTCTGGGCTTCTTGCATTCTGGGACAGCCAAGTCTGTGACTTGCACG,N_183_1,N,183_1,377.0,9.01
127,1.0,T,D,varscan,-2.60435936488e+18,317358080.0,5,varscan,TC,N_183_1,N,183_1,412.0,9.01
128,0.0,G,X,varscan,4.57476242891e+18,317358080.0,5,varscan,C,N_183_1,N,183_1,417.0,9.01
129,1.0,A,D,varscan,-1.10816387055e+18,317358080.0,5,varscan,AC,N_183_1,N,183_1,652.0,9.01
130,1.0,GC,I,varscan,1.82230759318e+18,317358080.0,5,varscan,G,N_183_1,N,183_1,729.0,9.01
131,200.0,G,D,varscan,-6.60701837111e+16,279056384.0,6,varscan,GGTCCAGATGAAGCTCCCAGAATGCCAGAGGCTGCTCCCCCCGTGGCCCCTGCACCAGCAGCTCCTACACCGGCGGCCCCTGCACCAGCCCCCTCCTGGCCCCTGTCATCTTCTGTCCCTTCCCAGAAAACCTACCAGGGCAGCTACGGTTTCCGTCTGGGCTTCTTGCATTCTGGGACAGCCAAGTCTGTGACTTGCACG,N_183_2,N,183_2,377.0,3.86
132,0.0,G,X,varscan,4.57476242891e+18,279056384.0,6,varscan,C,N_183_2,N,183_2,417.0,3.86
133,1.0,G,D,varscan,-5.12604882494e+18,279056384.0,6,varscan,GC,N_183_2,N,183_2,464.0,3.86
134,1.0,T,D,varscan,-2.60452271088e+18,279056384.0,6,varscan,TC,N_183_2,N,183_2,497.0,3.86
135,1.0,A,D,varscan,-1.10816387055e+18,279056384.0,6,varscan,AC,N_183_2,N,183_2,652.0,3.86
136,1.0,G,D,varscan,-5.12647853318e+18,279056384.0,6,varscan,GC,N_183_2,N,183_2,767.0,3.86
137,1.0,T,D,varscan,-2.60440499473e+18,302469120.0,5,varscan,TC,N_192_1,N,192_1,391.0,2.77
138,0.0,G,X,varscan,4.57476242891e+18,302469120.0,5,varscan,C,N_192_1,N,192_1,417.0,2.77
139,1.0,G,D,varscan,-5.12604882494e+18,302469120.0,5,varscan,GC,N_192_1,N,192_1,464.0,2.77
140,1.0,A,D,varscan,-1.10816387055e+18,302469120.0,5,varscan,AC,N_192_1,N,192_1,652.0,2.77
141,1.0,G,D,varscan,-5.12566813981e+18,302469120.0,5,varscan,GC,N_192_1,N,192_1,729.0,2.77
142,17.0,C,D,varscan,6.11356553108e+18,272158720.0,3,varscan,CCCAGAATGCCAGAGGCT,N_192_2,N,192_2,392.0,1.54
143,0.0,G,X,varscan,4.57476242891e+18,272158720.0,3,varscan,C,N_192_2,N,192_2,417.0,1.54
144,1.0,G,D,varscan,-5.12604882494e+18,272158720.0,3,varscan,GC,N_192_2,N,192_2,464.0,1.54
145,1.0,T,D,varscan,-2.60435936488e+18,126464000.0,6,varscan,TC,N_193_1,N,193_1,412.0,0.91
146,0.0,G,X,varscan,4.57476242891e+18,126464000.0,6,varscan,C,N_193_1,N,193_1,417.0,0.91
147,1.0,G,D,varscan,-5.12607611363e+18,126464000.0,6,varscan,GC,N_193_1,N,193_1,422.0,0.91
148,1.0,G,D,varscan,-5.12604882494e+18,126464000.0,6,varscan,GC,N_193_1,N,193_1,464.0,0.91
149,1.0,T,D,varscan,-2.60470008776e+18,126464000.0,6,varscan,TC,N_193_1,N,193_1,581.0,0.91
150,1.0,A,D,varscan,-1.10816387055e+18,126464000.0,6,varscan,AC,N_193_1,N,193_1,652.0,0.91
151,0.0,A,X,varscan,2.6974095127e+18,296308736.0,7,varscan,C,N_207_1,N,207_1,417.0,3.16
152,1.0,G,D,varscan,-5.125322489e+18,296308736.0,7,varscan,GC,N_207_1,N,207_1,452.0,3.16
153,1.0,G,D,varscan,-5.12603348505e+18,296308736.0,7,varscan,GC,N_207_1,N,207_1,475.0,3.16
154,1.0,TC,I,varscan,4.03895894395e+17,296308736.0,7,varscan,T,N_207_1,N,207_1,528.0,3.16
155,0.0,C,X,varscan,-8.44944611007e+18,296308736.0,7,varscan,G,N_207_1,N,207_1,531.0,3.16
156,1.0,A,D,varscan,-1.10816387055e+18,296308736.0,7,varscan,AC,N_207_1,N,207_1,652.0,3.16
157,1.0,G,D,varscan,-5.12647853318e+18,296308736.0,7,varscan,GC,N_207_1,N,207_1,767.0,3.16
158,1.0,T,D,varscan,-2.60435936488e+18,303489024.0,5,varscan,TC,N_207_2,N,207_2,412.0,3.15
159,0.0,A,X,varscan,2.6974095127e+18,303489024.0,5,varscan,C,N_207_2,N,207_2,417.0,3.15
160,1.0,G,D,varscan,-5.12604882494e+18,303489024.0,5,varscan,GC,N_207_2,N,207_2,464.0,3.15
161,0.0,C,X,varscan,-8.44944611007e+18,303489024.0,5,varscan,G,N_207_2,N,207_2,531.0,3.15
162,1.0,T,D,varscan,7.34641047622e+18,303489024.0,5,varscan,TG,N_207_2,N,207_2,550.0,3.15
163,1.0,T,D,varscan,-2.60435936488e+18,300142592.0,9,varscan,TC,N_215_1,N,215_1,412.0,2.84
164,0.0,G,X,varscan,4.57476242891e+18,300142592.0,9,varscan,C,N_215_1,N,215_1,417.0,2.84
165,1.0,G,D,varscan,-5.12604882494e+18,300142592.0,9,varscan,GC,N_215_1,N,215_1,464.0,2.84
166,250.0,G,D,varscan,2.42175840078e+18,300142592.0,9,varscan,GAAAACCTACCAGGGCAGCTACGGTTTCCGTCTGGGCTTCTTGCATTCTGGGACAGCCAAGTCTGTGACTTGCACGTACTCCCCTGCCCTCAACAAGATGTTTTGCCAACTGGCCAAGACCTGCCCTGTGCAGCTGTGGGTTGATTCCACACCCCCGCCCGGCACCCGCGTCCGCGCCATGGCCATCTACAAGCAGTCACAGCACATGACGGAGGTTGTGAGGCGCTGCCCCCACCATGAGCGCTGCTCAG,N_215_1,N,215_1,502.0,2.84
167,38.0,T,D,varscan,2.82939954649e+18,300142592.0,9,varscan,TTCTTGCATTCTGGGACAGCCAAGTCTGTGACTTGCACG,N_215_1,N,215_1,539.0,2.84
168,1.0,T,D,varscan,-2.60470008776e+18,300142592.0,9,varscan,TC,N_215_1,N,215_1,581.0,2.84
169,1.0,A,D,varscan,-1.10816387055e+18,300142592.0,9,varscan,AC,N_215_1,N,215_1,652.0,2.84
170,1.0,GC,I,varscan,1.82230759318e+18,300142592.0,9,varscan,G,N_215_1,N,215_1,729.0,2.84
171,1.0,G,D,varscan,-5.12647853318e+18,300142592.0,9,varscan,GC,N_215_1,N,215_1,767.0,2.84
172,1.0,T,D,varscan,-2.60435936488e+18,281825280.0,5,varscan,TC,N_215_2,N,215_2,412.0,1.58
173,0.0,G,X,varscan,4.57476242891e+18,281825280.0,5,varscan,C,N_215_2,N,215_2,417.0,1.58
174,1.0,G,D,varscan,-5.125322489e+18,281825280.0,5,varscan,GC,N_215_2,N,215_2,452.0,1.58
175,1.0,G,D,varscan,-5.12604882494e+18,281825280.0,5,varscan,GC,N_215_2,N,215_2,464.0,1.58
176,1.0,G,D,varscan,-5.12647853318e+18,281825280.0,5,varscan,GC,N_215_2,N,215_2,767.0,1.58
177,1.0,T,D,varscan,-2.60435936488e+18,294944768.0,2,varscan,TC,N_221_1,N,221_1,412.0,3.17
178,0.0,G,X,varscan,4.57476242891e+18,294944768.0,2,varscan,C,N_221_1,N,221_1,417.0,3.17
179,1.0,T,D,varscan,-2.60435936488e+18,296402944.0,4,varscan,TC,N_221_2,N,221_2,412.0,2.88
180,0.0,G,X,varscan,4.57476242891e+18,296402944.0,4,varscan,C,N_221_2,N,221_2,417.0,2.88
181,1.0,G,D,varscan,-5.12604882494e+18,296402944.0,4,varscan,GC,N_221_2,N,221_2,464.0,2.88
182,1.0,T,D,varscan,-2.60470008776e+18,296402944.0,4,varscan,TC,N_221_2,N,221_2,581.0,2.88
183,1.0,T,D,varscan,-2.60435936488e+18,303669248.0,5,varscan,TC,N_256_1,N,256_1,412.0,2.8
184,0.0,G,X,varscan,4.57476242891e+18,303669248.0,5,varscan,C,N_256_1,N,256_1,417.0,2.8
185,1.0,G,D,varscan,-5.12604882494e+18,303669248.0,5,varscan,GC,N_256_1,N,256_1,464.0,2.8
186,1.0,T,D,varscan,-2.60470008776e+18,303669248.0,5,varscan,TC,N_256_1,N,256_1,581.0,2.8
187,1.0,AC,I,varscan,-6.01107377494e+18,303669248.0,5,varscan,A,N_256_1,N,256_1,652.0,2.8
188,0.0,G,X,varscan,4.57476242891e+18,303783936.0,4,varscan,C,N_267_1,N,267_1,417.0,3.39
189,1.0,G,D,varscan,-5.12604882494e+18,303783936.0,4,varscan,GC,N_267_1,N,267_1,464.0,3.39
190,1.0,T,D,varscan,-2.60470008776e+18,303783936.0,4,varscan,TC,N_267_1,N,267_1,581.0,3.39
191,1.0,AC,I,varscan,-6.01107377494e+18,303783936.0,4,varscan,A,N_267_1,N,267_1,652.0,3.39
192,1.0,T,D,varscan,-2.60435936488e+18,292536320.0,6,varscan,TC,N_269_1,N,269_1,412.0,3.12
193,0.0,G,X,varscan,4.57476242891e+18,292536320.0,6,varscan,C,N_269_1,N,269_1,417.0,3.12
194,1.0,G,D,varscan,-5.12603348505e+18,292536320.0,6,varscan,GC,N_269_1,N,269_1,475.0,3.12
195,1.0,T,D,varscan,-2.60470008776e+18,292536320.0,6,varscan,TC,N_269_1,N,269_1,581.0,3.12
196,1.0,A,D,varscan,-1.10816387055e+18,292536320.0,6,varscan,AC,N_269_1,N,269_1,652.0,3.12
197,1.0,G,D,varscan,-5.12566813981e+18,292536320.0,6,varscan,GC,N_269_1,N,269_1,729.0,3.12
198,0.0,G,X,varscan,4.57476242891e+18,281559040.0,2,varscan,C,N_269_2,N,269_2,417.0,1.91
199,1.0,A,D,varscan,-1.10816387055e+18,281559040.0,2,varscan,AC,N_269_2,N,269_2,652.0,1.91
200,80.0,C,D,varscan,6.39322091109e+18,295063552.0,7,varscan,CTCCCCCCGTGGCCCCTGCACCAGCAGCTCCTACACCGGCGGCCCCTGCACCAGCCCCCTCCTGGCCCCTGTCATCTTCTG,N_272_1,N,272_1,411.0,2.82
201,1.0,T,D,varscan,-2.60435936488e+18,295063552.0,7,varscan,TC,N_272_1,N,272_1,412.0,2.82
202,0.0,G,X,varscan,4.57476242891e+18,295063552.0,7,varscan,C,N_272_1,N,272_1,417.0,2.82
203,231.0,G,D,varscan,8.57736756372e+18,295063552.0,7,varscan,GCCCCTGCACCAGCCCCCTCCTGGCCCCTGTCATCTTCTGTCCCTTCCCAGAAAACCTACCAGGGCAGCTACGGTTTCCGTCTGGGCTTCTTGCATTCTGGGACAGCCAAGTCTGTGACTTGCACGTACTCCCCTGCCCTCAACAAGATGTTTTGCCAACTGGCCAAGACCTGCCCTGTGCAGCTGTGGGTTGATTCCACACCCCCGCCCGGCACCCGCGTCCGCGCCATGG,N_272_1,N,272_1,452.0,2.82
204,1.0,G,D,varscan,-5.12604882494e+18,295063552.0,7,varscan,GC,N_272_1,N,272_1,464.0,2.82
205,1.0,T,D,varscan,-2.60470008776e+18,295063552.0,7,varscan,TC,N_272_1,N,272_1,581.0,2.82
206,1.0,G,D,varscan,-5.12566813981e+18,295063552.0,7,varscan,GC,N_272_1,N,272_1,729.0,2.82
207,200.0,G,D,varscan,-6.60701837111e+16,273981440.0,4,varscan,GGTCCAGATGAAGCTCCCAGAATGCCAGAGGCTGCTCCCCCCGTGGCCCCTGCACCAGCAGCTCCTACACCGGCGGCCCCTGCACCAGCCCCCTCCTGGCCCCTGTCATCTTCTGTCCCTTCCCAGAAAACCTACCAGGGCAGCTACGGTTTCCGTCTGGGCTTCTTGCATTCTGGGACAGCCAAGTCTGTGACTTGCACG,N_272_2,N,272_2,377.0,2.13
208,0.0,G,X,varscan,4.57476242891e+18,273981440.0,4,varscan,C,N_272_2,N,272_2,417.0,2.13
209,1.0,G,D,varscan,-5.12604882494e+18,273981440.0,4,varscan,GC,N_272_2,N,272_2,464.0,2.13
210,1.0,G,D,varscan,-5.12603348505e+18,273981440.0,4,varscan,GC,N_272_2,N,272_2,475.0,2.13
211,86.0,A,D,varscan,-3.98219123242e+18,288796672.0,6,varscan,AGCTCCCAGAATGCCAGAGGCTGCTCCCCCCGTGGCCCCTGCACCAGCAGCTCCTACACCGGCGGCCCCTGCACCAGCCCCCTCCTG,N_276_1,N,276_1,388.0,2.79
212,1.0,T,D,varscan,-2.60435936488e+18,288796672.0,6,varscan,TC,N_276_1,N,276_1,412.0,2.79
213,0.0,G,X,varscan,4.57476242891e+18,288796672.0,6,varscan,C,N_276_1,N,276_1,417.0,2.79
214,146.0,G,D,varscan,-2.28004082976e+18,288796672.0,6,varscan,GGACAGCCAAGTCTGTGACTTGCACGTACTCCCCTGCCCTCAACAAGATGTTTTGCCAACTGGCCAAGACCTGCCCTGTGCAGCTGTGGGTTGATTCCACACCCCCGCCCGGCACCCGCGTCCGCGCCATGGCCATCTACAAGCAGT,N_276_1,N,276_1,552.0,2.79
215,1.0,AC,I,varscan,-6.01107377494e+18,288796672.0,6,varscan,A,N_276_1,N,276_1,652.0,2.79
216,1.0,G,D,varscan,-5.12566813981e+18,288796672.0,6,varscan,GC,N_276_1,N,276_1,729.0,2.79
217,1.0,T,D,varscan,-2.60435936488e+18,299712512.0,6,varscan,TC,N_279_1,N,279_1,412.0,2.93
218,0.0,G,X,varscan,4.57476242891e+18,299712512.0,6,varscan,C,N_279_1,N,279_1,417.0,2.93
219,1.0,T,D,varscan,7.34641047622e+18,299712512.0,6,varscan,TG,N_279_1,N,279_1,550.0,2.93
220,1.0,T,D,varscan,-2.60470008776e+18,299712512.0,6,varscan,TC,N_279_1,N,279_1,581.0,2.93
221,1.0,A,D,varscan,-1.10816387055e+18,299712512.0,6,varscan,AC,N_279_1,N,279_1,652.0,2.93
222,1.0,G,D,varscan,-5.12566813981e+18,299712512.0,6,varscan,GC,N_279_1,N,279_1,729.0,2.93
223,1.0,T,D,varscan,-2.60435936488e+18,286240768.0,5,varscan,TC,N_279_2,N,279_2,412.0,2.38
224,0.0,G,X,varscan,4.57476242891e+18,286240768.0,5,varscan,C,N_279_2,N,279_2,417.0,2.38
225,1.0,GC,I,varscan,1.82192986515e+18,286240768.0,5,varscan,G,N_279_2,N,279_2,464.0,2.38
226,1.0,A,D,varscan,-1.10816387055e+18,286240768.0,5,varscan,AC,N_279_2,N,279_2,652.0,2.38
227,1.0,G,D,varscan,-5.12566813981e+18,286240768.0,5,varscan,GC,N_279_2,N,279_2,729.0,2.38
228,1.0,T,D,varscan,-2.60435936488e+18,298418176.0,4,varscan,TC,N_284_1,N,284_1,412.0,3.12
229,0.0,G,X,varscan,4.57476242891e+18,298418176.0,4,varscan,C,N_284_1,N,284_1,417.0,3.12
230,1.0,A,D,varscan,-1.10816387055e+18,298418176.0,4,varscan,AC,N_284_1,N,284_1,652.0,3.12
231,1.0,G,D,varscan,-5.12566813981e+18,298418176.0,4,varscan,GC,N_284_1,N,284_1,729.0,3.12
232,0.0,G,X,varscan,4.57476242891e+18,188203008.0,5,varscan,C,N_285_1,N,285_1,417.0,2.61
233,1.0,G,D,varscan,-5.12604882494e+18,188203008.0,5,varscan,GC,N_285_1,N,285_1,464.0,2.61
234,1.0,A,D,varscan,-1.10816387055e+18,188203008.0,5,varscan,AC,N_285_1,N,285_1,652.0,2.61
235,1.0,GC,I,varscan,1.82230759318e+18,188203008.0,5,varscan,G,N_285_1,N,285_1,729.0,2.61
236,1.0,G,D,varscan,-5.12647853318e+18,188203008.0,5,varscan,GC,N_285_1,N,285_1,767.0,2.61
237,1.0,T,D,varscan,-2.60435936488e+18,291278848.0,5,varscan,TC,N_288_1,N,288_1,412.0,2.95
238,0.0,G,X,varscan,4.57476242891e+18,291278848.0,5,varscan,C,N_288_1,N,288_1,417.0,2.95
239,1.0,G,D,varscan,-5.12604882494e+18,291278848.0,5,varscan,GC,N_288_1,N,288_1,464.0,2.95
240,1.0,T,D,varscan,-2.60470008776e+18,291278848.0,5,varscan,TC,N_288_1,N,288_1,581.0,2.95
241,0.0,T,X,varscan,-2.63527676002e+18,291278848.0,5,varscan,C,N_288_1,N,288_1,839.0,2.95
242,1.0,T,D,varscan,-2.60435936488e+18,267661312.0,6,varscan,TC,N_290_1,N,290_1,412.0,1.62
243,0.0,G,X,varscan,4.57476242891e+18,267661312.0,6,varscan,C,N_290_1,N,290_1,417.0,1.62
244,1.0,G,D,varscan,-5.12604882494e+18,267661312.0,6,varscan,GC,N_290_1,N,290_1,464.0,1.62
245,1.0,AC,I,varscan,-6.01107377494e+18,267661312.0,6,varscan,A,N_290_1,N,290_1,652.0,1.62
246,5.0,AGCAGT,I,varscan,4.41790802192e+18,267661312.0,6,varscan,A,N_290_1,N,290_1,693.0,1.62
247,1.0,GC,I,varscan,1.82230759318e+18,267661312.0,6,varscan,G,N_290_1,N,290_1,729.0,1.62
248,0.0,G,X,varscan,4.57476242891e+18,298352640.0,3,varscan,C,N_290_2,N,290_2,417.0,3.23
249,1.0,A,D,varscan,-1.10816387055e+18,298352640.0,3,varscan,AC,N_290_2,N,290_2,652.0,3.23
250,5.0,AGCAGT,I,varscan,4.41790802192e+18,298352640.0,3,varscan,A,N_290_2,N,290_2,693.0,3.23
251,0.0,G,X,varscan,4.57476242891e+18,298491904.0,4,varscan,C,N_306_1,N,306_1,417.0,2.97
252,1.0,G,D,varscan,-5.12604882494e+18,298491904.0,4,varscan,GC,N_306_1,N,306_1,464.0,2.97
253,1.0,AC,I,varscan,-6.01107377494e+18,298491904.0,4,varscan,A,N_306_1,N,306_1,652.0,2.97
254,1.0,G,D,varscan,-5.12566813981e+18,298491904.0,4,varscan,GC,N_306_1,N,306_1,729.0,2.97
255,1.0,T,D,varscan,-2.60435936488e+18,301744128.0,3,varscan,TC,N_312_1,N,312_1,412.0,2.53
256,0.0,G,X,varscan,4.57476242891e+18,301744128.0,3,varscan,C,N_312_1,N,312_1,417.0,2.53
257,1.0,A,D,varscan,-1.10816387055e+18,301744128.0,3,varscan,AC,N_312_1,N,312_1,652.0,2.53
258,1.0,T,D,varscan,-2.60435936488e+18,296804352.0,8,varscan,TC,N_316_1,N,316_1,412.0,2.9
259,0.0,G,X,varscan,4.57476242891e+18,296804352.0,8,varscan,C,N_316_1,N,316_1,417.0,2.9
260,1.0,G,D,varscan,-5.12604882494e+18,296804352.0,8,varscan,GC,N_316_1,N,316_1,464.0,2.9
261,1.0,T,D,varscan,-2.60470008776e+18,296804352.0,8,varscan,TC,N_316_1,N,316_1,581.0,2.9
262,0.0,A,X,varscan,-6.08778550591e+18,296804352.0,8,varscan,T,N_316_1,N,316_1,604.0,2.9
263,1.0,A,D,varscan,-1.10816387055e+18,296804352.0,8,varscan,AC,N_316_1,N,316_1,652.0,2.9
264,1.0,GC,I,varscan,1.82230759318e+18,296804352.0,8,varscan,G,N_316_1,N,316_1,729.0,2.9
265,1.0,G,D,varscan,-5.12647853318e+18,296804352.0,8,varscan,GC,N_316_1,N,316_1,767.0,2.9
266,1.0,T,D,varscan,-2.60435936488e+18,140132352.0,6,varscan,TC,N_316_2,N,316_2,412.0,0.9
267,0.0,G,X,varscan,4.57476242891e+18,140132352.0,6,varscan,C,N_316_2,N,316_2,417.0,0.9
268,1.0,G,D,varscan,-5.12604882494e+18,140132352.0,6,varscan,GC,N_316_2,N,316_2,464.0,0.9
269,1.0,T,D,varscan,-2.60452271088e+18,140132352.0,6,varscan,TC,N_316_2,N,316_2,497.0,0.9
270,0.0,A,X,varscan,-6.08778550591e+18,140132352.0,6,varscan,T,N_316_2,N,316_2,604.0,0.9
271,1.0,A,D,varscan,-1.10816387055e+18,140132352.0,6,varscan,AC,N_316_2,N,316_2,652.0,0.9
272,0.0,G,X,varscan,4.57476242891e+18,148054016.0,4,varscan,C,N_318_1,N,318_1,417.0,1.01
273,1.0,G,D,varscan,-5.12604882494e+18,148054016.0,4,varscan,GC,N_318_1,N,318_1,464.0,1.01
274,1.0,A,D,varscan,-1.10816387055e+18,148054016.0,4,varscan,AC,N_318_1,N,318_1,652.0,1.01
275,1.0,G,D,varscan,-5.12647853318e+18,148054016.0,4,varscan,GC,N_318_1,N,318_1,767.0,1.01
276,1.0,T,D,varscan,-2.60435936488e+18,207503360.0,5,varscan,TC,N_318_2,N,318_2,412.0,2.7
277,0.0,G,X,varscan,4.57476242891e+18,207503360.0,5,varscan,C,N_318_2,N,318_2,417.0,2.7
278,1.0,GC,I,varscan,1.82192986515e+18,207503360.0,5,varscan,G,N_318_2,N,318_2,464.0,2.7
279,1.0,G,D,varscan,-5.12603348505e+18,207503360.0,5,varscan,GC,N_318_2,N,318_2,475.0,2.7
280,1.0,G,D,varscan,6.05892402671e+17,207503360.0,5,varscan,GA,N_318_2,N,318_2,502.0,2.7
281,1.0,T,D,varscan,-2.60435936488e+18,309489664.0,5,varscan,TC,N_319_1,N,319_1,412.0,2.73
282,0.0,G,X,varscan,4.57476242891e+18,309489664.0,5,varscan,C,N_319_1,N,319_1,417.0,2.73
283,1.0,G,D,varscan,-5.12604882494e+18,309489664.0,5,varscan,GC,N_319_1,N,319_1,464.0,2.73
284,1.0,G,D,varscan,6.05892402671e+17,309489664.0,5,varscan,GA,N_319_1,N,319_1,502.0,2.73
285,1.0,A,D,varscan,-1.10816387055e+18,309489664.0,5,varscan,AC,N_319_1,N,319_1,652.0,2.73
286,1.0,T,D,varscan,-2.60435936488e+18,291889152.0,7,varscan,TC,N_320_1,N,320_1,412.0,3.11
287,1.0,G,D,varscan,-5.12604882494e+18,291889152.0,7,varscan,GC,N_320_1,N,320_1,464.0,3.11
288,1.0,G,D,varscan,-5.12603348505e+18,291889152.0,7,varscan,GC,N_320_1,N,320_1,475.0,3.11
289,12.0,C,D,varscan,-8.09450602767e+18,291889152.0,7,varscan,CCGTCTGGGCTTC,N_320_1,N,320_1,529.0,3.11
290,1.0,T,D,varscan,-2.60470008776e+18,291889152.0,7,varscan,TC,N_320_1,N,320_1,581.0,3.11
291,1.0,A,D,varscan,-1.10816387055e+18,291889152.0,7,varscan,AC,N_320_1,N,320_1,652.0,3.11
292,1.0,G,D,varscan,-5.12566813981e+18,291889152.0,7,varscan,GC,N_320_1,N,320_1,729.0,3.11
293,1.0,T,D,varscan,-2.60435936488e+18,299401216.0,7,varscan,TC,N_320_2,N,320_2,412.0,2.77
294,0.0,G,X,varscan,4.57476242891e+18,299401216.0,7,varscan,C,N_320_2,N,320_2,417.0,2.77
295,1.0,GC,I,varscan,1.82192986515e+18,299401216.0,7,varscan,G,N_320_2,N,320_2,464.0,2.77
296,12.0,C,D,varscan,-8.09450602767e+18,299401216.0,7,varscan,CCGTCTGGGCTTC,N_320_2,N,320_2,529.0,2.77
297,1.0,A,D,varscan,-1.10816387055e+18,299401216.0,7,varscan,AC,N_320_2,N,320_2,652.0,2.77
298,1.0,G,D,varscan,-5.12566813981e+18,299401216.0,7,varscan,GC,N_320_2,N,320_2,729.0,2.77
299,1.0,G,D,varscan,-5.12647853318e+18,299401216.0,7,varscan,GC,N_320_2,N,320_2,767.0,2.77
300,1.0,T,D,varscan,-2.60435936488e+18,298369024.0,3,varscan,TC,N_322_1,N,322_1,412.0,2.62
301,1.0,A,D,varscan,-1.10816387055e+18,298369024.0,3,varscan,AC,N_322_1,N,322_1,652.0,2.62
302,1.0,G,D,varscan,-5.12566813981e+18,298369024.0,3,varscan,GC,N_322_1,N,322_1,729.0,2.62
303,1.0,T,D,varscan,-2.60435936488e+18,304922624.0,9,varscan,TC,N_323_1,N,323_1,412.0,3.09
304,0.0,G,X,varscan,4.57476242891e+18,304922624.0,9,varscan,C,N_323_1,N,323_1,417.0,3.09
305,1.0,G,D,varscan,-5.12604882494e+18,304922624.0,9,varscan,GC,N_323_1,N,323_1,464.0,3.09
306,1.0,G,D,varscan,6.05892402671e+17,304922624.0,9,varscan,GA,N_323_1,N,323_1,502.0,3.09
307,1.0,T,D,varscan,-2.60470008776e+18,304922624.0,9,varscan,TC,N_323_1,N,323_1,581.0,3.09
308,1.0,G,D,varscan,7.01222675363e+18,304922624.0,9,varscan,GT,N_323_1,N,323_1,601.0,3.09
309,1.0,A,D,varscan,-1.10816387055e+18,304922624.0,9,varscan,AC,N_323_1,N,323_1,652.0,3.09
310,1.0,G,D,varscan,-5.12566813981e+18,304922624.0,9,varscan,GC,N_323_1,N,323_1,729.0,3.09
311,1.0,G,D,varscan,-5.12647853318e+18,304922624.0,9,varscan,GC,N_323_1,N,323_1,767.0,3.09
312,1.0,T,D,varscan,-2.60435936488e+18,265719808.0,4,varscan,TC,N_326_1,N,326_1,412.0,2.96
313,0.0,G,X,varscan,4.57476242891e+18,265719808.0,4,varscan,C,N_326_1,N,326_1,417.0,2.96
314,1.0,G,D,varscan,7.01222675363e+18,265719808.0,4,varscan,GT,N_326_1,N,326_1,601.0,2.96
315,1.0,C,D,varscan,-1.44977042783e+18,265719808.0,4,varscan,CT,N_326_1,N,326_1,635.0,2.96
316,1.0,T,D,varscan,-2.60435936488e+18,292241408.0,6,varscan,TC,N_326_2,N,326_2,412.0,2.81
317,0.0,G,X,varscan,4.57476242891e+18,292241408.0,6,varscan,C,N_326_2,N,326_2,417.0,2.81
318,1.0,G,D,varscan,-5.12604882494e+18,292241408.0,6,varscan,GC,N_326_2,N,326_2,464.0,2.81
319,1.0,T,D,varscan,-2.60470008776e+18,292241408.0,6,varscan,TC,N_326_2,N,326_2,581.0,2.81
320,1.0,C,D,varscan,-1.44977042783e+18,292241408.0,6,varscan,CT,N_326_2,N,326_2,635.0,2.81
321,1.0,A,D,varscan,-1.10816387055e+18,292241408.0,6,varscan,AC,N_326_2,N,326_2,652.0,2.81
322,1.0,T,D,varscan,-2.60435936488e+18,201519104.0,7,varscan,TC,N_340_1,N,340_1,412.0,2.82
323,0.0,G,X,varscan,4.57476242891e+18,201519104.0,7,varscan,C,N_340_1,N,340_1,417.0,2.82
324,1.0,G,D,varscan,-5.12604882494e+18,201519104.0,7,varscan,GC,N_340_1,N,340_1,464.0,2.82
325,1.0,T,D,varscan,7.34641047622e+18,201519104.0,7,varscan,TG,N_340_1,N,340_1,550.0,2.82
326,1.0,T,D,varscan,-2.60470008776e+18,201519104.0,7,varscan,TC,N_340_1,N,340_1,581.0,2.82
327,1.0,A,D,varscan,-1.10816387055e+18,201519104.0,7,varscan,AC,N_340_1,N,340_1,652.0,2.82
328,0.0,G,X,varscan,-3.27773144053e+18,201519104.0,7,varscan,T,N_340_1,N,340_1,786.0,2.82
329,0.0,G,X,varscan,4.57476242891e+18,72257536.0,4,varscan,C,N_340_2,N,340_2,417.0,0.19
330,1.0,G,D,varscan,-5.12603348505e+18,72257536.0,4,varscan,GC,N_340_2,N,340_2,475.0,0.19
331,1.0,A,D,varscan,-1.10816387055e+18,72257536.0,4,varscan,AC,N_340_2,N,340_2,652.0,0.19
332,0.0,G,X,varscan,-3.27773144053e+18,72257536.0,4,varscan,T,N_340_2,N,340_2,786.0,0.19
333,0.0,G,X,varscan,4.57476242891e+18,295628800.0,5,varscan,C,N_341_1,N,341_1,417.0,2.7
334,1.0,G,D,varscan,-5.12604882494e+18,295628800.0,5,varscan,GC,N_341_1,N,341_1,464.0,2.7
335,1.0,A,D,varscan,-1.10816387055e+18,295628800.0,5,varscan,AC,N_341_1,N,341_1,652.0,2.7
336,1.0,G,D,varscan,-5.12647853318e+18,295628800.0,5,varscan,GC,N_341_1,N,341_1,767.0,2.7
337,0.0,T,X,varscan,5.71410325382e+18,295628800.0,5,varscan,A,N_341_1,N,341_1,833.0,2.7
338,1.0,T,D,varscan,-2.60435936488e+18,277762048.0,6,varscan,TC,N_341_2,N,341_2,412.0,2.76
339,0.0,G,X,varscan,4.57476242891e+18,277762048.0,6,varscan,C,N_341_2,N,341_2,417.0,2.76
340,1.0,G,D,varscan,-5.12604882494e+18,277762048.0,6,varscan,GC,N_341_2,N,341_2,464.0,2.76
341,1.0,A,D,varscan,-1.10816387055e+18,277762048.0,6,varscan,AC,N_341_2,N,341_2,652.0,2.76
342,1.0,G,D,varscan,-5.12566813981e+18,277762048.0,6,varscan,GC,N_341_2,N,341_2,729.0,2.76
343,1.0,G,D,varscan,-5.12647853318e+18,277762048.0,6,varscan,GC,N_341_2,N,341_2,767.0,2.76
344,1.0,T,D,varscan,-2.60435936488e+18,303812608.0,4,varscan,TC,N_83_1,N,83_1,412.0,3.38
345,0.0,G,X,varscan,4.57476242891e+18,303812608.0,4,varscan,C,N_83_1,N,83_1,417.0,3.38
346,1.0,G,D,varscan,-5.12604882494e+18,303812608.0,4,varscan,GC,N_83_1,N,83_1,464.0,3.38
347,1.0,A,D,varscan,-1.10816387055e+18,303812608.0,4,varscan,AC,N_83_1,N,83_1,652.0,3.38
348,1.0,T,D,varscan,-2.60435936488e+18,293969920.0,4,varscan,TC,N_83_2,N,83_2,412.0,2.65
349,0.0,G,X,varscan,4.57476242891e+18,293969920.0,4,varscan,C,N_83_2,N,83_2,417.0,2.65
350,1.0,T,D,varscan,-2.60470008776e+18,293969920.0,4,varscan,TC,N_83_2,N,83_2,581.0,2.65
351,1.0,GC,I,varscan,1.82230759318e+18,293969920.0,4,varscan,G,N_83_2,N,83_2,729.0,2.65
